"","iso2c","country","year","População","PIB"
"1","BD","Bangladesh",1960,48013505,4274893913.49536
"2","BD","Bangladesh",1961,49362834,4817580183.60155
"3","BD","Bangladesh",1962,50752150,5081413339.78635
"4","BD","Bangladesh",1963,52202008,5319458351.16235
"5","BD","Bangladesh",1964,53741721,5386054619.34987
"6","BD","Bangladesh",1965,55385114,5906636557.00092
"7","BD","Bangladesh",1966,57157651,6439687598.32325
"8","BD","Bangladesh",1967,59034250,7253575399.3215
"9","BD","Bangladesh",1968,60918452,7483685473.51275
"10","BD","Bangladesh",1969,62679765,8471006100.95399
"11","BD","Bangladesh",1970,64232486,8992721809.39332
"12","BD","Bangladesh",1971,65531635,8751842839.79658
"13","BD","Bangladesh",1972,66625706,6288245866.66667
"14","BD","Bangladesh",1973,67637541,8086725729.3407
"15","BD","Bangladesh",1974,68742222,12512460519.7088
"16","BD","Bangladesh",1975,70066310,19448348073.4565
"17","BD","Bangladesh",1976,71652386,10117113333.3333
"18","BD","Bangladesh",1977,73463593,9651149301.8746
"19","BD","Bangladesh",1978,75450033,13281767142.8571
"20","BD","Bangladesh",1979,77529040,15565480321.9448
"21","BD","Bangladesh",1980,79639498,18138049095.6072
"22","BD","Bangladesh",1981,81767516,20249694002.448
"23","BD","Bangladesh",1982,83932132,18525399201.5968
"24","BD","Bangladesh",1983,86142490,17609048821.5488
"25","BD","Bangladesh",1984,88416529,18920840000
"26","BD","Bangladesh",1985,90764180,22278423076.9231
"27","BD","Bangladesh",1986,93187593,21774033333.3333
"28","BD","Bangladesh",1987,95671159,24298032258.0645
"29","BD","Bangladesh",1988,98186350,26579005760.2634
"30","BD","Bangladesh",1989,100695496,28781714763.8909
"31","BD","Bangladesh",1990,103171957,31598341233.463
"32","BD","Bangladesh",1991,105599125,30957483949.5798
"33","BD","Bangladesh",1992,107983708,31708874594.1645
"34","BD","Bangladesh",1993,110350641,33166519417.9894
"35","BD","Bangladesh",1994,112737684,33768660882.793
"36","BD","Bangladesh",1995,115169933,37939748768.6567
"37","BD","Bangladesh",1996,117649927,46438484107.5795
"38","BD","Bangladesh",1997,120160571,48244309133.4895
"39","BD","Bangladesh",1998,122682818,49984559471.3656
"40","BD","Bangladesh",1999,125189655,51270569883.5275
"41","BD","Bangladesh",2000,127657862,53369787318.6245
"42","BD","Bangladesh",2001,130088709,53991289844.3291
"43","BD","Bangladesh",2002,132478077,54724081490.5102
"44","BD","Bangladesh",2003,134791598,60158929188.2556
"45","BD","Bangladesh",2004,136986429,65108544250.0425
"46","BD","Bangladesh",2005,139035505,69442943089.4309
"47","BD","Bangladesh",2006,140921154,71819083683.7403
"48","BD","Bangladesh",2007,142660381,79611888213.148
"49","BD","Bangladesh",2008,144304164,91631278239.3237
"50","BD","Bangladesh",2009,145924795,102477791472.39
"51","BD","Bangladesh",2010,147575433,115279077465.226
"52","BD","Bangladesh",2011,149273134,128637938711.386
"53","BD","Bangladesh",2012,151005733,133355749482.478
"54","BD","Bangladesh",2013,152761413,149990451022.29
"55","BD","Bangladesh",2014,154517385,172885454931.453
"56","BD","Bangladesh",2015,156256287,195078678697.23
"57","BD","Bangladesh",2016,157977151,265236247989.155
"58","BD","Bangladesh",2017,159685421,293754646182.389
"59","BD","Bangladesh",2018,161376713,321379023557.462
"60","BD","Bangladesh",2019,163046173,351238438542.792
"61","BD","Bangladesh",2020,164689383,373902134700.41
"62","BD","Bangladesh",2021,166303494,416264942893.326
"63","BR","Brazil",1960,72179235,17030465539.3906
"64","BR","Brazil",1961,74311338,17275940449.3837
"65","BR","Brazil",1962,76514329,19231747851.5332
"66","BR","Brazil",1963,78772647,23287712878.2002
"67","BR","Brazil",1964,81064572,20963733694.9749
"68","BR","Brazil",1965,83373533,22465522884.0988
"69","BR","Brazil",1966,85696502,28283323733.1114
"70","BR","Brazil",1967,88035815,31086389194.961
"71","BR","Brazil",1968,90387079,33930457425.2613
"72","BR","Brazil",1969,92746607,37171640818.5863
"73","BR","Brazil",1970,95113265,42327664793.6934
"74","BR","Brazil",1971,97482928,48869830901.7878
"75","BR","Brazil",1972,99859388,58434858374.8696
"76","BR","Brazil",1973,102259497,83592275862.9982
"77","BR","Brazil",1974,104706193,109794519727.538
"78","BR","Brazil",1975,107216209,129203555238.827
"79","BR","Brazil",1976,109790943,153168949208.207
"80","BR","Brazil",1977,112425392,176344101401.941
"81","BR","Brazil",1978,115121158,200278646123.581
"82","BR","Brazil",1979,117878412,221338204480.222
"83","BR","Brazil",1980,120694012,237393489892.637
"84","BR","Brazil",1981,123570327,258015174748.648
"85","BR","Brazil",1982,126498322,271314113768.417
"86","BR","Brazil",1983,129448815,189656506321.431
"87","BR","Brazil",1984,132383569,188339974086.58
"88","BR","Brazil",1985,135274083,176123719326.593
"89","BR","Brazil",1986,138108915,215878631802.78
"90","BR","Brazil",1987,140891606,237517984427.806
"91","BR","Brazil",1988,143627505,258816125587.505
"92","BR","Brazil",1989,146328305,347028139590.227
"93","BR","Brazil",1990,149003225,390725626002.866
"94","BR","Brazil",1991,151648007,342609227209.645
"95","BR","Brazil",1992,154259382,328187944300.908
"96","BR","Brazil",1993,156849086,368295777770.079
"97","BR","Brazil",1994,159432717,525369851353.742
"98","BR","Brazil",1995,162019889,769333330368.987
"99","BR","Brazil",1996,164614682,850426433004.077
"100","BR","Brazil",1997,167209046,883206452795.124
"101","BR","Brazil",1998,169785253,863711007325.493
"102","BR","Brazil",1999,172318674,599642075004.471
"103","BR","Brazil",2000,174790339,655448188259.351
"104","BR","Brazil",2001,177196051,559983704094.17
"105","BR","Brazil",2002,179537523,509795270685.19
"106","BR","Brazil",2003,181809244,558233724164.711
"107","BR","Brazil",2004,184006479,669289321944.516
"108","BR","Brazil",2005,186127108,891633826603.377
"109","BR","Brazil",2006,188167353,1107626711406.63
"110","BR","Brazil",2007,190130445,1397114247331.17
"111","BR","Brazil",2008,192030362,1695855391810.9
"112","BR","Brazil",2009,193886505,1666996294372.87
"113","BR","Brazil",2010,195713637,2208838108577.09
"114","BR","Brazil",2011,197514541,2616156606666.62
"115","BR","Brazil",2012,199287292,2465228293894.01
"116","BR","Brazil",2013,201035904,2472819362216.69
"117","BR","Brazil",2014,202763744,2456043766028.73
"118","BR","Brazil",2015,204471759,1802211999538.68
"119","BR","Brazil",2016,206163056,1795693265810.23
"120","BR","Brazil",2017,207833825,2063514688761.98
"121","BR","Brazil",2018,209469320,1916933708381.89
"122","BR","Brazil",2019,211049519,1873288158977.23
"123","BR","Brazil",2020,212559409,1448565936739.56
"124","BR","Brazil",2021,213993441,1608981220812.2
"125","CN","China",1960,667070000,59716467625.3148
"126","CN","China",1961,660330000,50056868957.6732
"127","CN","China",1962,665770000,47209359005.6057
"128","CN","China",1963,682335000,50706799902.5104
"129","CN","China",1964,698355000,59708343488.5043
"130","CN","China",1965,715185000,70436266146.7219
"131","CN","China",1966,735400000,76720285969.6157
"132","CN","China",1967,754550000,72881631326.6715
"133","CN","China",1968,774510000,70846535055.6503
"134","CN","China",1969,796025000,79705906247.4612
"135","CN","China",1970,818315000,92602973434.0726
"136","CN","China",1971,841105000,99800958648.1436
"137","CN","China",1972,862030000,113687586299.051
"138","CN","China",1973,881940000,138544284708.957
"139","CN","China",1974,900350000,144182133387.722
"140","CN","China",1975,916395000,163431551779.761
"141","CN","China",1976,930685000,153940455341.506
"142","CN","China",1977,943455000,174938098826.569
"143","CN","China",1978,956165000,149540752829.268
"144","CN","China",1979,969005000,178280594413.043
"145","CN","China",1980,981235000,191149211575
"146","CN","China",1981,993885000,195866382432.54
"147","CN","China",1982,1008630000,205089699858.779
"148","CN","China",1983,1023310000,230686747153.257
"149","CN","China",1984,1036825000,259946510957.143
"150","CN","China",1985,1051040000,309488028132.653
"151","CN","China",1986,1066790000,300758100107.246
"152","CN","China",1987,1084035000,272972974764.574
"153","CN","China",1988,1101630000,312353631207.819
"154","CN","China",1989,1118650000,347768051311.741
"155","CN","China",1990,1135185000,360857912565.966
"156","CN","China",1991,1150780000,383373318083.624
"157","CN","China",1992,1164970000,426915712715.856
"158","CN","China",1993,1178440000,444731282435.515
"159","CN","China",1994,1191835000,564324670008.238
"160","CN","China",1995,1204855000,734547898224.101
"161","CN","China",1996,1217550000,863746717507.397
"162","CN","China",1997,1230075000,961603952954.233
"163","CN","China",1998,1241935000,1029043097558.91
"164","CN","China",1999,1252735000,1093997267277.1
"165","CN","China",2000,1262645000,1211346869600.41
"166","CN","China",2001,1271850000,1339395718862.89
"167","CN","China",2002,1280400000,1470550015077.93
"168","CN","China",2003,1288400000,1660287965663.89
"169","CN","China",2004,1296075000,1955347004965.69
"170","CN","China",2005,1303720000,2285965892364.2
"171","CN","China",2006,1311020000,2752131773358.92
"172","CN","China",2007,1317885000,3550342737009.53
"173","CN","China",2008,1324655000,4594307032667.98
"174","CN","China",2009,1331260000,5101703073088.97
"175","CN","China",2010,1337705000,6087163874510.73
"176","CN","China",2011,1345035000,7551500124197.17
"177","CN","China",2012,1354190000,8532229986993.65
"178","CN","China",2013,1363240000,9570406235659.64
"179","CN","China",2014,1371860000,10475682920597.7
"180","CN","China",2015,1379860000,11061553079871.5
"181","CN","China",2016,1387790000,11233276536744.7
"182","CN","China",2017,1396215000,12310409370894.2
"183","CN","China",2018,1402760000,13894817549380.3
"184","CN","China",2019,1407745000,14279937500608
"185","CN","China",2020,1411100000,14687673892882
"186","CN","China",2021,1412360000,17734062645371.4
"187","EG","Egypt, Arab Rep.",1960,26632891,NA
"188","EG","Egypt, Arab Rep.",1961,27366239,NA
"189","EG","Egypt, Arab Rep.",1962,28112258,NA
"190","EG","Egypt, Arab Rep.",1963,28871383,NA
"191","EG","Egypt, Arab Rep.",1964,29644875,NA
"192","EG","Egypt, Arab Rep.",1965,30433024,4948667540.41066
"193","EG","Egypt, Arab Rep.",1966,31237597,5278005611.91453
"194","EG","Egypt, Arab Rep.",1967,32056506,5605484298.98275
"195","EG","Egypt, Arab Rep.",1968,32881852,5932242990.65421
"196","EG","Egypt, Arab Rep.",1969,33703127,6524455205.81114
"197","EG","Egypt, Arab Rep.",1970,34513851,8042200452.1477
"198","EG","Egypt, Arab Rep.",1971,35311905,8609283346.08518
"199","EG","Egypt, Arab Rep.",1972,36102670,9299638055.84281
"200","EG","Egypt, Arab Rep.",1973,36896551,10098534613.4411
"201","EG","Egypt, Arab Rep.",1974,37708144,9228963224.60004
"202","EG","Egypt, Arab Rep.",1975,38549133,11632178868.9171
"203","EG","Egypt, Arab Rep.",1976,39422731,13315988083.4161
"204","EG","Egypt, Arab Rep.",1977,40329589,14400806875.9867
"205","EG","Egypt, Arab Rep.",1978,41275728,14811704063.0685
"206","EG","Egypt, Arab Rep.",1979,42267429,18020571428.5714
"207","EG","Egypt, Arab Rep.",1980,43309063,21669908176.3889
"208","EG","Egypt, Arab Rep.",1981,44400113,22136081081.0811
"209","EG","Egypt, Arab Rep.",1982,45539295,27655172413.7931
"210","EG","Egypt, Arab Rep.",1983,46728284,30966239813.7369
"211","EG","Egypt, Arab Rep.",1984,47968643,33971188991.6147
"212","EG","Egypt, Arab Rep.",1985,49258726,39053502251.0732
"213","EG","Egypt, Arab Rep.",1986,50602360,41253507951.3564
"214","EG","Egypt, Arab Rep.",1987,51991696,40455616653.5742
"215","EG","Egypt, Arab Rep.",1988,53399243,34980124929.0176
"216","EG","Egypt, Arab Rep.",1989,54788680,39756299049.9793
"217","EG","Egypt, Arab Rep.",1990,56134478,42978914311.3504
"218","EG","Egypt, Arab Rep.",1991,57424552,37387836490.5284
"219","EG","Egypt, Arab Rep.",1992,58666812,41855986519.4235
"220","EG","Egypt, Arab Rep.",1993,59880656,46578631452.581
"221","EG","Egypt, Arab Rep.",1994,61095804,51897983392.6453
"222","EG","Egypt, Arab Rep.",1995,62334025,60159245060.4541
"223","EG","Egypt, Arab Rep.",1996,63601632,67629716981.1321
"224","EG","Egypt, Arab Rep.",1997,64892269,78436578171.0914
"225","EG","Egypt, Arab Rep.",1998,66200259,84828807556.0803
"226","EG","Egypt, Arab Rep.",1999,67515591,90710704806.8416
"227","EG","Egypt, Arab Rep.",2000,68831561,99838543960.0763
"228","EG","Egypt, Arab Rep.",2001,70152662,96684636118.5984
"229","EG","Egypt, Arab Rep.",2002,71485044,85146067415.7303
"230","EG","Egypt, Arab Rep.",2003,72826102,80288461538.4615
"231","EG","Egypt, Arab Rep.",2004,74172073,78782467532.4675
"232","EG","Egypt, Arab Rep.",2005,75523576,89600665557.4043
"233","EG","Egypt, Arab Rep.",2006,76873670,107426086956.522
"234","EG","Egypt, Arab Rep.",2007,78232124,130437828371.278
"235","EG","Egypt, Arab Rep.",2008,79636081,162818181818.182
"236","EG","Egypt, Arab Rep.",2009,81134789,189147005444.646
"237","EG","Egypt, Arab Rep.",2010,82761244,218983666061.706
"238","EG","Egypt, Arab Rep.",2011,84529251,235989672977.625
"239","EG","Egypt, Arab Rep.",2012,86422240,279116666666.667
"240","EG","Egypt, Arab Rep.",2013,88404652,288434108527.132
"241","EG","Egypt, Arab Rep.",2014,90424668,305595408895.265
"242","EG","Egypt, Arab Rep.",2015,92442549,329366576819.407
"243","EG","Egypt, Arab Rep.",2016,94447071,332441717791.411
"244","EG","Egypt, Arab Rep.",2017,96442590,235733695652.174
"245","EG","Egypt, Arab Rep.",2018,98423602,249712999437.254
"246","EG","Egypt, Arab Rep.",2019,100388076,303080865603.645
"247","EG","Egypt, Arab Rep.",2020,102334403,365252651278.852
"248","EG","Egypt, Arab Rep.",2021,104258327,404142766093.053
"249","ET","Ethiopia",1960,22151284,NA
"250","ET","Ethiopia",1961,22671193,NA
"251","ET","Ethiopia",1962,23221385,NA
"252","ET","Ethiopia",1963,23798418,NA
"253","ET","Ethiopia",1964,24397010,NA
"254","ET","Ethiopia",1965,25013634,NA
"255","ET","Ethiopia",1966,25641040,NA
"256","ET","Ethiopia",1967,26280135,NA
"257","ET","Ethiopia",1968,26944386,NA
"258","ET","Ethiopia",1969,27652715,NA
"259","ET","Ethiopia",1970,28415080,NA
"260","ET","Ethiopia",1971,29248650,NA
"261","ET","Ethiopia",1972,30140799,NA
"262","ET","Ethiopia",1973,31036670,NA
"263","ET","Ethiopia",1974,31861353,NA
"264","ET","Ethiopia",1975,32566855,NA
"265","ET","Ethiopia",1976,33128151,NA
"266","ET","Ethiopia",1977,33577240,NA
"267","ET","Ethiopia",1978,33993301,NA
"268","ET","Ethiopia",1979,34487806,NA
"269","ET","Ethiopia",1980,35141703,NA
"270","ET","Ethiopia",1981,35984531,7324903188.4058
"271","ET","Ethiopia",1982,36995246,7707678019.32367
"272","ET","Ethiopia",1983,38142679,8567890821.25604
"273","ET","Ethiopia",1984,39374346,8096302367.14976
"274","ET","Ethiopia",1985,40652146,9480840483.09179
"275","ET","Ethiopia",1986,41965696,9848600869.56522
"276","ET","Ethiopia",1987,43329238,10527338647.343
"277","ET","Ethiopia",1988,44757205,10908935748.7923
"278","ET","Ethiopia",1989,46272308,11476584879.2271
"279","ET","Ethiopia",1990,47887864,12175166763.285
"280","ET","Ethiopia",1991,49609976,13463868357.4879
"281","ET","Ethiopia",1992,51423591,10492993077.6093
"282","ET","Ethiopia",1993,53295556,8830712713.90781
"283","ET","Ethiopia",1994,55180993,6927950564.55657
"284","ET","Ethiopia",1995,57047906,7663984567.90123
"285","ET","Ethiopia",1996,58883531,8547939730.62374
"286","ET","Ethiopia",1997,60697443,8589211390.49612
"287","ET","Ethiopia",1998,62507724,7818224905.55071
"288","ET","Ethiopia",1999,64343008,7700833482.00615
"289","ET","Ethiopia",2000,66224809,8242392103.68061
"290","ET","Ethiopia",2001,68159422,8231326016.47494
"291","ET","Ethiopia",2002,70142090,7850809498.16803
"292","ET","Ethiopia",2003,72170581,8623691300.04079
"293","ET","Ethiopia",2004,74239508,10131187261.4421
"294","ET","Ethiopia",2005,76346310,12401139453.9738
"295","ET","Ethiopia",2006,78489205,15280861834.6024
"296","ET","Ethiopia",2007,80674343,19707616772.7996
"297","ET","Ethiopia",2008,82916236,27066912635.2228
"298","ET","Ethiopia",2009,85233923,32437389116.038
"299","ET","Ethiopia",2010,87639962,29933790334.3418
"300","ET","Ethiopia",2011,90139928,31952763089.33
"301","ET","Ethiopia",2012,92726982,43310721414.0829
"302","ET","Ethiopia",2013,95385793,47648211133.2183
"303","ET","Ethiopia",2014,98094264,55612228233.5179
"304","ET","Ethiopia",2015,100835453,64589334978.8013
"305","ET","Ethiopia",2016,103603461,74296618481.0882
"306","ET","Ethiopia",2017,106399926,81770791970.982
"307","ET","Ethiopia",2018,109224410,84269348327.3454
"308","ET","Ethiopia",2019,112078727,95912590628.1412
"309","ET","Ethiopia",2020,114963583,107657734392.446
"310","ET","Ethiopia",2021,117876226,111271112329.975
"311","ID","Indonesia",1960,87751066,NA
"312","ID","Indonesia",1961,90098396,NA
"313","ID","Indonesia",1962,92518373,NA
"314","ID","Indonesia",1963,95015295,NA
"315","ID","Indonesia",1964,97596728,NA
"316","ID","Indonesia",1965,100267070,NA
"317","ID","Indonesia",1966,103025423,NA
"318","ID","Indonesia",1967,105865576,5667756644.9716
"319","ID","Indonesia",1968,108779926,7076465295.27356
"320","ID","Indonesia",1969,111758566,8337423312.88344
"321","ID","Indonesia",1970,114793179,9150684931.50685
"322","ID","Indonesia",1971,117880146,9333536359.74431
"323","ID","Indonesia",1972,121017316,10997590361.4458
"324","ID","Indonesia",1973,124199693,16273253012.0482
"325","ID","Indonesia",1974,127422198,25802409638.5542
"326","ID","Indonesia",1975,130680730,30463855421.6867
"327","ID","Indonesia",1976,133966940,37269156626.506
"328","ID","Indonesia",1977,137278057,45808915662.6506
"329","ID","Indonesia",1978,140621731,51455719100.27
"330","ID","Indonesia",1979,144009844,51400186379.1873
"331","ID","Indonesia",1980,147447834,72482337370.8551
"332","ID","Indonesia",1981,150938222,85518233450.1818
"333","ID","Indonesia",1982,154468235,90158449307.26
"334","ID","Indonesia",1983,158009248,81052283404.2179
"335","ID","Indonesia",1984,161523353,84853699994.5677
"336","ID","Indonesia",1985,164982452,85289491746.8428
"337","ID","Indonesia",1986,168374287,79954072569.4637
"338","ID","Indonesia",1987,171702756,75929617576.2282
"339","ID","Indonesia",1988,174975953,84300174475.7955
"340","ID","Indonesia",1989,178209147,94451427898.007
"341","ID","Indonesia",1990,181413398,106140727356.675
"342","ID","Indonesia",1991,184591897,116621996217.133
"343","ID","Indonesia",1992,187739786,128026966579.964
"344","ID","Indonesia",1993,190851184,158006700301.533
"345","ID","Indonesia",1994,193917458,176892143931.505
"346","ID","Indonesia",1995,196934257,202132028723.115
"347","ID","Indonesia",1996,199901231,227369679374.973
"348","ID","Indonesia",1997,202826444,215748998609.635
"349","ID","Indonesia",1998,205724597,95445547872.715
"350","ID","Indonesia",1999,208615171,140001351215.462
"351","ID","Indonesia",2000,211513822,165021012077.81
"352","ID","Indonesia",2001,214427419,160446947784.909
"353","ID","Indonesia",2002,217357790,195660611165.183
"354","ID","Indonesia",2003,220309473,234772463823.808
"355","ID","Indonesia",2004,223285666,256836875295.452
"356","ID","Indonesia",2005,226289468,285868618224.017
"357","ID","Indonesia",2006,229318262,364570514304.85
"358","ID","Indonesia",2007,232374239,432216737774.861
"359","ID","Indonesia",2008,235469755,510228634992.258
"360","ID","Indonesia",2009,238620554,539580085612.401
"361","ID","Indonesia",2010,241834226,755094160363.071
"362","ID","Indonesia",2011,245115988,892969107923.094
"363","ID","Indonesia",2012,248451714,917869910105.749
"364","ID","Indonesia",2013,251805314,912524136718.018
"365","ID","Indonesia",2014,255128076,890814755233.225
"366","ID","Indonesia",2015,258383257,860854235065.079
"367","ID","Indonesia",2016,261556386,931877364177.742
"368","ID","Indonesia",2017,264650969,1015618742565.81
"369","ID","Indonesia",2018,267670549,1042271531011.99
"370","ID","Indonesia",2019,270625567,1119099868265.25
"371","ID","Indonesia",2020,273523621,1058688935454.78
"372","ID","Indonesia",2021,276361788,1186092991320.04
"373","IN","India",1960,450547675,37029883876.1839
"374","IN","India",1961,459642166,39232435784.0358
"375","IN","India",1962,469077191,42161481858.0819
"376","IN","India",1963,478825602,48421923459.1235
"377","IN","India",1964,488848139,56480289940.9899
"378","IN","India",1965,499123328,59554854575.8085
"379","IN","India",1966,509631509,45865462034.2857
"380","IN","India",1967,520400577,50134942204
"381","IN","India",1968,531513834,53085455870.6667
"382","IN","India",1969,543084333,58447995017.3333
"383","IN","India",1970,555189797,62422483054.6667
"384","IN","India",1971,567868021,67350988021.3932
"385","IN","India",1972,581087255,71463193831.0092
"386","IN","India",1973,594770136,85515269585.4
"387","IN","India",1974,608802595,99525899116.054
"388","IN","India",1975,623102900,98472796456.884
"389","IN","India",1976,637630085,102717164466.397
"390","IN","India",1977,652408766,121487322475.912
"391","IN","India",1978,667499815,137300295313.3
"392","IN","India",1979,682995348,152991653793.77
"393","IN","India",1980,698952837,186325345086.661
"394","IN","India",1981,715384997,193490610029.789
"395","IN","India",1982,732239498,200715145363.148
"396","IN","India",1983,749428958,218262273406.969
"397","IN","India",1984,766833411,212158234167.312
"398","IN","India",1985,784360012,232511877841.698
"399","IN","India",1986,801975250,248985994040.59
"400","IN","India",1987,819682095,279033584092.223
"401","IN","India",1988,837468938,296588994812.354
"402","IN","India",1989,855334675,296042354984.876
"403","IN","India",1990,873277799,320979026420.035
"404","IN","India",1991,891273202,270105341879.226
"405","IN","India",1992,909307018,288208430383.964
"406","IN","India",1993,927403866,279296022987.919
"407","IN","India",1994,945601828,327275583539.559
"408","IN","India",1995,963922586,360281952716.797
"409","IN","India",1996,982365248,392897054348.071
"410","IN","India",1997,1000900028,415867753863.874
"411","IN","India",1998,1019483586,421351477504.743
"412","IN","India",1999,1038058154,458820417337.807
"413","IN","India",2000,1056575548,468394937262.37
"414","IN","India",2001,1075000094,485441014538.638
"415","IN","India",2002,1093317187,514937948870.08
"416","IN","India",2003,1111523146,607699285433.872
"417","IN","India",2004,1129623466,709148514804.659
"418","IN","India",2005,1147609924,820381595512.902
"419","IN","India",2006,1165486291,940259888792.141
"420","IN","India",2007,1183209471,1216735441524.86
"421","IN","India",2008,1200669762,1198895582137.51
"422","IN","India",2009,1217726217,1341886602798.69
"423","IN","India",2010,1234281163,1675615335600.56
"424","IN","India",2011,1250287939,1823049927771.46
"425","IN","India",2012,1265780243,1827637859135.7
"426","IN","India",2013,1280842119,1856722121394.53
"427","IN","India",2014,1295600768,2039127446298.55
"428","IN","India",2015,1310152392,2103587813812.75
"429","IN","India",2016,1324517250,2294797980509.01
"430","IN","India",2017,1338676779,2651472946374.91
"431","IN","India",2018,1352642283,2702929718960.46
"432","IN","India",2019,1366417756,2831552222519.99
"433","IN","India",2020,1380004385,2667687951796.56
"434","IN","India",2021,1393409033,3173397590816.91
"435","JP","Japan",1960,93216000,44307342950.4
"436","JP","Japan",1961,94055000,53508617739.3778
"437","JP","Japan",1962,94933000,60723018683.7333
"438","JP","Japan",1963,95900000,69498131797.3333
"439","JP","Japan",1964,96903000,81749006381.5111
"440","JP","Japan",1965,97952000,90950278257.7778
"441","JP","Japan",1966,98851000,105628070343.111
"442","JP","Japan",1967,99879000,123781880217.6
"443","JP","Japan",1968,101011000,146601072685.511
"444","JP","Japan",1969,102219000,172204199480.889
"445","JP","Japan",1970,103403000,212609187919.444
"446","JP","Japan",1971,105697000,240151807460.241
"447","JP","Japan",1972,107188000,318031297492.352
"448","JP","Japan",1973,108707000,432082670450.719
"449","JP","Japan",1974,110162000,479625998613.406
"450","JP","Japan",1975,111573000,521541905673.251
"451","JP","Japan",1976,112775000,586161858999.671
"452","JP","Japan",1977,113872000,721411786536.814
"453","JP","Japan",1978,114913000,1013612173518.84
"454","JP","Japan",1979,115890000,1055012119526.33
"455","JP","Japan",1980,116807000,1105385973763.87
"456","JP","Japan",1981,117661000,1218988935129.81
"457","JP","Japan",1982,118480000,1134518001884.56
"458","JP","Japan",1983,119307000,1243323592058.83
"459","JP","Japan",1984,120083000,1318381627003.76
"460","JP","Japan",1985,120837000,1398892744820.69
"461","JP","Japan",1986,121482000,2078953333673.55
"462","JP","Japan",1987,122069000,2532808573157.03
"463","JP","Japan",1988,122578000,3071683013178.91
"464","JP","Japan",1989,123069000,3054914166263.18
"465","JP","Japan",1990,123478000,3132817652848.04
"466","JP","Japan",1991,123964000,3584420077100.84
"467","JP","Japan",1992,124425000,3908809463463.86
"468","JP","Japan",1993,124829000,4454143876947.21
"469","JP","Japan",1994,125178000,4998797547740.97
"470","JP","Japan",1995,125472000,5545563663889.7
"471","JP","Japan",1996,125757000,4923391533851.63
"472","JP","Japan",1997,126057000,4492448605638.94
"473","JP","Japan",1998,126400000,4098362709531.24
"474","JP","Japan",1999,126631000,4635982224063.88
"475","JP","Japan",2000,126843000,4968359075956.59
"476","JP","Japan",2001,127149000,4374711694090.87
"477","JP","Japan",2002,127445000,4182846045873.61
"478","JP","Japan",2003,127718000,4519561645253.53
"479","JP","Japan",2004,127761000,4893116005656.56
"480","JP","Japan",2005,127773000,4831467035389.8
"481","JP","Japan",2006,127854000,4601663122649.92
"482","JP","Japan",2007,128001000,4579750920354.81
"483","JP","Japan",2008,128063000,5106679115127.3
"484","JP","Japan",2009,128047000,5289493117993.89
"485","JP","Japan",2010,128070000,5759071769013.11
"486","JP","Japan",2011,127833000,6233147172341.35
"487","JP","Japan",2012,127629000,6272362996105.03
"488","JP","Japan",2013,127445000,5212328181166.18
"489","JP","Japan",2014,127276000,4896994405353.29
"490","JP","Japan",2015,127141000,4444930651964.18
"491","JP","Japan",2016,127076000,5003677627544.24
"492","JP","Japan",2017,126972000,4930837369151.42
"493","JP","Japan",2018,126811000,5037835383110.97
"494","JP","Japan",2019,126633000,5123318151510.62
"495","JP","Japan",2020,126261000,5040107754084.11
"496","JP","Japan",2021,125681593,4937421880461.55
"497","MX","Mexico",1960,37771861,13040000000
"498","MX","Mexico",1961,38966049,14160000000
"499","MX","Mexico",1962,40195318,15200000000
"500","MX","Mexico",1963,41462373,16960000000
"501","MX","Mexico",1964,42771077,20080000000
"502","MX","Mexico",1965,44123863,21840000000
"503","MX","Mexico",1966,45519746,24320000000
"504","MX","Mexico",1967,46956208,26560000000
"505","MX","Mexico",1968,48431971,29360000000
"506","MX","Mexico",1969,49945278,32480000000
"507","MX","Mexico",1970,51493565,35520000000
"508","MX","Mexico",1971,53076366,39200000000
"509","MX","Mexico",1972,54689944,45200000000
"510","MX","Mexico",1973,56324310,55280000000
"511","MX","Mexico",1974,57966812,72000000000
"512","MX","Mexico",1975,59607947,88000000000
"513","MX","Mexico",1976,61242189,89025974025.974
"514","MX","Mexico",1977,62869908,81814159292.0354
"515","MX","Mexico",1978,64494872,102500000000
"516","MX","Mexico",1979,66123908,134561403508.772
"517","MX","Mexico",1980,67761367,205139086956.522
"518","MX","Mexico",1981,69407623,263959336734.694
"519","MX","Mexico",1982,71058650,184609157801.418
"520","MX","Mexico",1983,72709306,156159198584.513
"521","MX","Mexico",1984,74352631,184261495828.367
"522","MX","Mexico",1985,75983486,195219789801.479
"523","MX","Mexico",1986,77599105,134550096436.744
"524","MX","Mexico",1987,79200081,147540738281.817
"525","MX","Mexico",1988,80788725,181611549975.804
"526","MX","Mexico",1989,82368930,221400669713.589
"527","MX","Mexico",1990,83943135,261253582805.945
"528","MX","Mexico",1991,85512621,313142768453.485
"529","MX","Mexico",1992,87075136,363157598242.27
"530","MX","Mexico",1993,88625440,500736065605.341
"531","MX","Mexico",1994,90156396,527813238126.278
"532","MX","Mexico",1995,91663290,360073909243.855
"533","MX","Mexico",1996,93147045,410975595310.156
"534","MX","Mexico",1997,94611008,500413483109.175
"535","MX","Mexico",1998,96056313,526502129378.284
"536","MX","Mexico",1999,97484823,600232874042.927
"537","MX","Mexico",2000,98899845,707906744574.644
"538","MX","Mexico",2001,100298152,756706300589.791
"539","MX","Mexico",2002,101684764,772106378935.377
"540","MX","Mexico",2003,103081020,729336319677.449
"541","MX","Mexico",2004,104514934,782240601984.76
"542","MX","Mexico",2005,106005199,877476221382.101
"543","MX","Mexico",2006,107560155,975387131716.089
"544","MX","Mexico",2007,109170503,1052696282278.87
"545","MX","Mexico",2008,110815272,1109989063586.62
"546","MX","Mexico",2009,112463886,900045350649.351
"547","MX","Mexico",2010,114092961,1057801295584.05
"548","MX","Mexico",2011,115695468,1180489601957.61
"549","MX","Mexico",2012,117274156,1201089987015.45
"550","MX","Mexico",2013,118827158,1274443084716.57
"551","MX","Mexico",2014,120355137,1315351183524.54
"552","MX","Mexico",2015,121858251,1171867608197.72
"553","MX","Mexico",2016,123333379,1078490651625.31
"554","MX","Mexico",2017,124777326,1158913035796.37
"555","MX","Mexico",2018,126190782,1222408203104.3
"556","MX","Mexico",2019,127575529,1269404276770.7
"557","MX","Mexico",2020,128932753,1087117783073.31
"558","MX","Mexico",2021,130262220,1293037866360.17
"559","NG","Nigeria",1960,45138460,4196092258.15484
"560","NG","Nigeria",1961,46063570,4467200335.99328
"561","NG","Nigeria",1962,47029818,4909302953.94092
"562","NG","Nigeria",1963,48032932,5165489010.2198
"563","NG","Nigeria",1964,49066762,5552822483.55033
"564","NG","Nigeria",1965,50127920,5874422511.54977
"565","NG","Nigeria",1966,51217969,6366792664.14672
"566","NG","Nigeria",1967,52342231,5203135937.28125
"567","NG","Nigeria",1968,53506201,5200895982.08036
"568","NG","Nigeria",1969,54717035,6634187316.25367
"569","NG","Nigeria",1970,55982142,12545849083.0183
"570","NG","Nigeria",1971,57296988,9181769911.50443
"571","NG","Nigeria",1972,58665813,12274416017.7976
"572","NG","Nigeria",1973,60114615,15162871287.1287
"573","NG","Nigeria",1974,61677167,24846641318.1242
"574","NG","Nigeria",1975,63374289,27778934624.6973
"575","NG","Nigeria",1976,65221379,36308883248.731
"576","NG","Nigeria",1977,67203134,36035407725.3219
"577","NG","Nigeria",1978,69271915,36527862208.7133
"578","NG","Nigeria",1979,71361141,47259911894.2731
"579","NG","Nigeria",1980,73423646,64201788122.6054
"580","NG","Nigeria",1981,75440505,164475209515.939
"581","NG","Nigeria",1982,77427539,142769363314.176
"582","NG","Nigeria",1983,79414841,97094911792.0489
"583","NG","Nigeria",1984,81448757,73484359521.4887
"584","NG","Nigeria",1985,83562776,73745821158.2254
"585","NG","Nigeria",1986,85766396,54805852580.9129
"586","NG","Nigeria",1987,88048029,52676041931.1087
"587","NG","Nigeria",1988,90395278,49648470440.4593
"588","NG","Nigeria",1989,92788039,44003061108.4005
"589","NG","Nigeria",1990,95212454,54035795387.8086
"590","NG","Nigeria",1991,97667632,49118433047.5318
"591","NG","Nigeria",1992,100161708,47794925814.7558
"592","NG","Nigeria",1993,102700751,27752204320.0883
"593","NG","Nigeria",1994,105293701,33833042987.7582
"594","NG","Nigeria",1995,107948339,44062465800.1706
"595","NG","Nigeria",1996,110668784,51075815092.5
"596","NG","Nigeria",1997,113457661,54457835193.4927
"597","NG","Nigeria",1998,116319763,54604050168.1818
"598","NG","Nigeria",1999,119260055,59372613485.6576
"599","NG","Nigeria",2000,122283853,69448756932.5833
"600","NG","Nigeria",2001,125394046,74030364472.0506
"601","NG","Nigeria",2002,128596079,95385819320.5737
"602","NG","Nigeria",2003,131900634,104911947834.122
"603","NG","Nigeria",2004,135320420,136385979322.437
"604","NG","Nigeria",2005,138865014,176134087150.341
"605","NG","Nigeria",2006,142538305,236103982431.635
"606","NG","Nigeria",2007,146339971,275625684968.615
"607","NG","Nigeria",2008,150269622,339476215683.592
"608","NG","Nigeria",2009,154324939,295008767295.038
"609","NG","Nigeria",2010,158503203,361456622215.721
"610","NG","Nigeria",2011,162805080,404993594133.582
"611","NG","Nigeria",2012,167228803,455501524575.498
"612","NG","Nigeria",2013,171765819,508692961937.492
"613","NG","Nigeria",2014,176404931,546676374567.721
"614","NG","Nigeria",2015,181137454,486803295097.89
"615","NG","Nigeria",2016,185960244,404650006428.613
"616","NG","Nigeria",2017,190873247,375746469538.666
"617","NG","Nigeria",2018,195874685,397190484464.308
"618","NG","Nigeria",2019,200963603,448120428858.769
"619","NG","Nigeria",2020,206139587,432293776262.398
"620","NG","Nigeria",2021,211400704,440776971536.015
"621","PH","Philippines",1960,26269741,7515886650.62035
"622","PH","Philippines",1961,27161052,8171186334.65347
"623","PH","Philippines",1962,28077345,4954529277.07288
"624","PH","Philippines",1963,29012630,5505055617.58388
"625","PH","Philippines",1964,29958687,5953766853.70844
"626","PH","Philippines",1965,30909997,6517304758.00675
"627","PH","Philippines",1966,31864175,7189017887.69231
"628","PH","Philippines",1967,32823970,7724873935.12821
"629","PH","Philippines",1968,33795203,8632749269.48718
"630","PH","Philippines",1969,34786309,9571800652.5641
"631","PH","Philippines",1970,35803591,7559179530.34229
"632","PH","Philippines",1971,36849678,8375086047.07931
"633","PH","Philippines",1972,37923400,9067872578.95368
"634","PH","Philippines",1973,39022759,11412421019.6409
"635","PH","Philippines",1974,40144250,15607825071.0824
"636","PH","Philippines",1975,41285741,16875240683.5083
"637","PH","Philippines",1976,42446659,19380945792.5084
"638","PH","Philippines",1977,43629415,22283185055.6546
"639","PH","Philippines",1978,44838485,25762077665.6982
"640","PH","Philippines",1979,46079844,31218507869.8746
"641","PH","Philippines",1980,47357741,36848242784.3012
"642","PH","Philippines",1981,48672831,40499645207.3523
"643","PH","Philippines",1982,50023564,42206011275.1757
"644","PH","Philippines",1983,51408910,37759237657.8149
"645","PH","Philippines",1984,52827047,35730202751.1124
"646","PH","Philippines",1985,54275836,34961565262.5582
"647","PH","Philippines",1986,55755346,33987178952.4029
"648","PH","Philippines",1987,57263835,37791442730.5921
"649","PH","Philippines",1988,58794999,43152077817.6509
"650","PH","Philippines",1989,60340768,48513735778.6601
"651","PH","Philippines",1990,61895169,50508286641.5746
"652","PH","Philippines",1991,63454785,51784207132.0955
"653","PH","Philippines",1992,65020124,60422309295.4434
"654","PH","Philippines",1993,66593904,62036625222.1624
"655","PH","Philippines",1994,68180846,73159245525.6424
"656","PH","Philippines",1995,69784087,84644220101.4991
"657","PH","Philippines",1996,71401743,94648084429.0341
"658","PH","Philippines",1997,73030879,94106183450.0029
"659","PH","Philippines",1998,74672009,74492325248.0247
"660","PH","Philippines",1999,76325927,85640133799.7902
"661","PH","Philippines",2000,77991757,83669693589.1547
"662","PH","Philippines",2001,79672869,78921234457.5487
"663","PH","Philippines",2002,81365260,84307291973.8158
"664","PH","Philippines",2003,83051970,87039145965.2826
"665","PH","Philippines",2004,84710544,95002028504.6904
"666","PH","Philippines",2005,86326251,107419961717.693
"667","PH","Philippines",2006,87888675,127652859201.041
"668","PH","Philippines",2007,89405482,155980378253.634
"669","PH","Philippines",2008,90901967,181624577154.679
"670","PH","Philippines",2009,92414161,175974711592.145
"671","PH","Philippines",2010,93966784,208368726861.407
"672","PH","Philippines",2011,95570049,234216930369.796
"673","PH","Philippines",2012,97212639,261920509950.555
"674","PH","Philippines",2013,98871558,283902728260.716
"675","PH","Philippines",2014,100513137,297483247101.038
"676","PH","Philippines",2015,102113206,306446140628.709
"677","PH","Philippines",2016,103663812,318626761492.867
"678","PH","Philippines",2017,105172921,328480867142.69
"679","PH","Philippines",2018,106651394,346842094175.24
"680","PH","Philippines",2019,108116622,376823278561.196
"681","PH","Philippines",2020,109581085,361751116292.541
"682","PH","Philippines",2021,111046910,394086419343.056
"683","PK","Pakistan",1960,44988690,3749265014.69971
"684","PK","Pakistan",1961,46065229,4118647627.04746
"685","PK","Pakistan",1962,47198886,4310163796.72407
"686","PK","Pakistan",1963,48387293,4630827383.45233
"687","PK","Pakistan",1964,49627623,5204955900.88198
"688","PK","Pakistan",1965,50917975,5929231415.37169
"689","PK","Pakistan",1966,52260183,6561108777.82444
"690","PK","Pakistan",1967,53655783,7464510709.7858
"691","PK","Pakistan",1968,55102690,8041999160.0168
"692","PK","Pakistan",1969,56598148,8683116337.67325
"693","PK","Pakistan",1970,58142062,10027509449.811
"694","PK","Pakistan",1971,59734479,10665896682.0664
"695","PK","Pakistan",1972,61381982,9415016359.56604
"696","PK","Pakistan",1973,63099404,6383429490.21091
"697","PK","Pakistan",1974,64905996,8899191919.19192
"698","PK","Pakistan",1975,66816875,11230606060.6061
"699","PK","Pakistan",1976,68834324,13168080808.0808
"700","PK","Pakistan",1977,70958168,15126060606.0606
"701","PK","Pakistan",1978,73197254,17811515151.5152
"702","PK","Pakistan",1979,75561128,19688383838.3838
"703","PK","Pakistan",1980,78054346,23654444444.4444
"704","PK","Pakistan",1981,80680461,28100606060.6061
"705","PK","Pakistan",1982,83431597,30725971563.981
"706","PK","Pakistan",1983,86285936,28691889763.7795
"707","PK","Pakistan",1984,89213708,31151825467.4978
"708","PK","Pakistan",1985,92191505,31144920844.3272
"709","PK","Pakistan",1986,95215375,31899070055.7967
"710","PK","Pakistan",1987,98285762,33351529274.6869
"711","PK","Pakistan",1988,101389603,38472742808.3167
"712","PK","Pakistan",1989,104512874,40171018229.0715
"713","PK","Pakistan",1990,107647918,40010423970.4576
"714","PK","Pakistan",1991,110778655,45625234697.7094
"715","PK","Pakistan",1992,113911126,48884606848.1265
"716","PK","Pakistan",1993,117086680,51809949334.2396
"717","PK","Pakistan",1994,120362764,52293456906.2665
"718","PK","Pakistan",1995,123776835,60636022422.6176
"719","PK","Pakistan",1996,127349293,63320122807.1223
"720","PK","Pakistan",1997,131057432,62433300338.0941
"721","PK","Pakistan",1998,134843233,62191955814.3478
"722","PK","Pakistan",1999,138624625,62973855718.8874
"723","PK","Pakistan",2000,142343583,82017743416.2841
"724","PK","Pakistan",2001,145978408,79484403984.8849
"725","PK","Pakistan",2002,149549695,79904985384.8652
"726","PK","Pakistan",2003,153093371,91760542940.0717
"727","PK","Pakistan",2004,156664698,107759683863.123
"728","PK","Pakistan",2005,160304007,120055291992.938
"729","PK","Pakistan",2006,164022626,137264061106.043
"730","PK","Pakistan",2007,167808106,152385716311.916
"731","PK","Pakistan",2008,171648984,170077814106.305
"732","PK","Pakistan",2009,175525610,168152775283.032
"733","PK","Pakistan",2010,179424643,177165635077.065
"734","PK","Pakistan",2011,183340168,213587413183.996
"735","PK","Pakistan",2012,187280125,224383620829.57
"736","PK","Pakistan",2013,191260799,231218567178.979
"737","PK","Pakistan",2014,195305012,244360888750.807
"738","PK","Pakistan",2015,199426953,270556131701.171
"739","PK","Pakistan",2016,203631356,313629858859.587
"740","PK","Pakistan",2017,207906210,339205615769.187
"741","PK","Pakistan",2018,212228288,356128224957.085
"742","PK","Pakistan",2019,216565317,320909489229.723
"743","PK","Pakistan",2020,220892331,300306331697.668
"744","PK","Pakistan",2021,225199929,346343170486.072
"745","RU","Russian Federation",1960,119897000,NA
"746","RU","Russian Federation",1961,121236000,NA
"747","RU","Russian Federation",1962,122591000,NA
"748","RU","Russian Federation",1963,123960000,NA
"749","RU","Russian Federation",1964,125345000,NA
"750","RU","Russian Federation",1965,126745000,NA
"751","RU","Russian Federation",1966,127468000,NA
"752","RU","Russian Federation",1967,128196000,NA
"753","RU","Russian Federation",1968,128928000,NA
"754","RU","Russian Federation",1969,129664000,NA
"755","RU","Russian Federation",1970,130404000,NA
"756","RU","Russian Federation",1971,131155000,NA
"757","RU","Russian Federation",1972,131909000,NA
"758","RU","Russian Federation",1973,132669000,NA
"759","RU","Russian Federation",1974,133432000,NA
"760","RU","Russian Federation",1975,134200000,NA
"761","RU","Russian Federation",1976,135147000,NA
"762","RU","Russian Federation",1977,136100000,NA
"763","RU","Russian Federation",1978,137060000,NA
"764","RU","Russian Federation",1979,138027000,NA
"765","RU","Russian Federation",1980,139010000,NA
"766","RU","Russian Federation",1981,139941000,NA
"767","RU","Russian Federation",1982,140823000,NA
"768","RU","Russian Federation",1983,141668000,NA
"769","RU","Russian Federation",1984,142745000,NA
"770","RU","Russian Federation",1985,143858000,NA
"771","RU","Russian Federation",1986,144894000,NA
"772","RU","Russian Federation",1987,145908000,NA
"773","RU","Russian Federation",1988,146857000,554713455149.502
"774","RU","Russian Federation",1989,147721000,506500173960.269
"775","RU","Russian Federation",1990,147969407,516814274021.956
"776","RU","Russian Federation",1991,148394216,517962962962.963
"777","RU","Russian Federation",1992,148538197,460290556900.726
"778","RU","Russian Federation",1993,148458777,435083713850.837
"779","RU","Russian Federation",1994,148407912,395077301248.464
"780","RU","Russian Federation",1995,148375787,395537185734.854
"781","RU","Russian Federation",1996,148160129,391724890744.498
"782","RU","Russian Federation",1997,147915361,404928954191.876
"783","RU","Russian Federation",1998,147670784,270955486862.442
"784","RU","Russian Federation",1999,147214776,195907128350.934
"785","RU","Russian Federation",2000,146596869,259710142196.943
"786","RU","Russian Federation",2001,145976482,306602070620.5
"787","RU","Russian Federation",2002,145306497,345470494417.863
"788","RU","Russian Federation",2003,144648618,430347770731.787
"789","RU","Russian Federation",2004,144067316,591016690742.798
"790","RU","Russian Federation",2005,143518814,764017107992.391
"791","RU","Russian Federation",2006,143049637,989930542278.695
"792","RU","Russian Federation",2007,142805114,1299705764823.62
"793","RU","Russian Federation",2008,142742366,1660846387624.78
"794","RU","Russian Federation",2009,142785349,1222644282201.86
"795","RU","Russian Federation",2010,142849468,1524917468442.01
"796","RU","Russian Federation",2011,142960908,2045925608274.37
"797","RU","Russian Federation",2012,143201721,2208295773643.15
"798","RU","Russian Federation",2013,143506995,2292473246621.08
"799","RU","Russian Federation",2014,143819667,2059241965490.83
"800","RU","Russian Federation",2015,144096870,1363481063446.77
"801","RU","Russian Federation",2016,144342397,1276786979221.81
"802","RU","Russian Federation",2017,144496739,1574199387070.9
"803","RU","Russian Federation",2018,144477859,1657329646183.62
"804","RU","Russian Federation",2019,144406261,1693113904262.89
"805","RU","Russian Federation",2020,144073139,1488321875489.74
"806","RU","Russian Federation",2021,143446060,1775799919352.98
"807","US","United States",1960,180671000,543300000000
"808","US","United States",1961,183691000,563300000000
"809","US","United States",1962,186538000,605100000000
"810","US","United States",1963,189242000,638600000000
"811","US","United States",1964,191889000,685800000000
"812","US","United States",1965,194303000,743700000000
"813","US","United States",1966,196560000,815000000000
"814","US","United States",1967,198712000,861700000000
"815","US","United States",1968,200706000,942500000000
"816","US","United States",1969,202677000,1019900000000
"817","US","United States",1970,205052000,1073303000000
"818","US","United States",1971,207661000,1164850000000
"819","US","United States",1972,209896000,1279110000000
"820","US","United States",1973,211909000,1425376000000
"821","US","United States",1974,213854000,1545243000000
"822","US","United States",1975,215973000,1684904000000
"823","US","United States",1976,218035000,1873412000000
"824","US","United States",1977,220239000,2081826000000
"825","US","United States",1978,222585000,2351599000000
"826","US","United States",1979,225055000,2627333000000
"827","US","United States",1980,227225000,2857307000000
"828","US","United States",1981,229466000,3207041000000
"829","US","United States",1982,231664000,3343789000000
"830","US","United States",1983,233792000,3634038000000
"831","US","United States",1984,235825000,4037613000000
"832","US","United States",1985,237924000,4338979000000
"833","US","United States",1986,240133000,4579631000000
"834","US","United States",1987,242289000,4855215000000
"835","US","United States",1988,244499000,5236438000000
"836","US","United States",1989,246819000,5641580000000
"837","US","United States",1990,249623000,5963144000000
"838","US","United States",1991,252981000,6158129000000
"839","US","United States",1992,256514000,6520327000000
"840","US","United States",1993,259919000,6858559000000
"841","US","United States",1994,263126000,7287236000000
"842","US","United States",1995,266278000,7639749000000
"843","US","United States",1996,269394000,8073122000000
"844","US","United States",1997,272657000,8577554457000
"845","US","United States",1998,275854000,9062818202000
"846","US","United States",1999,279040000,9631174489000
"847","US","United States",2000,282162411,10250947997000
"848","US","United States",2001,284968955,10581929774000
"849","US","United States",2002,287625193,10929112955000
"850","US","United States",2003,290107933,11456442041000
"851","US","United States",2004,292805298,12217193198000
"852","US","United States",2005,295516599,13039199193000
"853","US","United States",2006,298379912,13815586948000
"854","US","United States",2007,301231207,14474226905000
"855","US","United States",2008,304093966,14769857911000
"856","US","United States",2009,306771529,14478064934000
"857","US","United States",2010,309327143,15048964444000
"858","US","United States",2011,311583481,15599728123000
"859","US","United States",2012,313877662,16253972230000
"860","US","United States",2013,316059947,16843190993000
"861","US","United States",2014,318386329,17550680174000
"862","US","United States",2015,320738994,18206020741000
"863","US","United States",2016,323071755,18695110842000
"864","US","United States",2017,325122128,19479620056000
"865","US","United States",2018,326838199,20527156026000
"866","US","United States",2019,328329953,21372572437000
"867","US","United States",2020,331501080,20893743833000
"868","US","United States",2021,331893745,22996100000000
"869","VN","Vietnam",1960,32670048,NA
"870","VN","Vietnam",1961,33666111,NA
"871","VN","Vietnam",1962,34683410,NA
"872","VN","Vietnam",1963,35721213,NA
"873","VN","Vietnam",1964,36780001,NA
"874","VN","Vietnam",1965,37858947,NA
"875","VN","Vietnam",1966,38958046,NA
"876","VN","Vietnam",1967,40072951,NA
"877","VN","Vietnam",1968,41193588,NA
"878","VN","Vietnam",1969,42307149,NA
"879","VN","Vietnam",1970,43404802,NA
"880","VN","Vietnam",1971,44484032,NA
"881","VN","Vietnam",1972,45548476,NA
"882","VN","Vietnam",1973,46603522,NA
"883","VN","Vietnam",1974,47657554,NA
"884","VN","Vietnam",1975,48718190,NA
"885","VN","Vietnam",1976,49785278,NA
"886","VN","Vietnam",1977,50861166,NA
"887","VN","Vietnam",1978,51959021,NA
"888","VN","Vietnam",1979,53095406,NA
"889","VN","Vietnam",1980,54281841,NA
"890","VN","Vietnam",1981,55522804,NA
"891","VN","Vietnam",1982,56814309,NA
"892","VN","Vietnam",1983,58148384,NA
"893","VN","Vietnam",1984,59512619,NA
"894","VN","Vietnam",1985,60896732,14094687820.7445
"895","VN","Vietnam",1986,62293859,26336616250.4397
"896","VN","Vietnam",1987,63701974,36658108850.3148
"897","VN","Vietnam",1988,65120432,25423812648.5941
"898","VN","Vietnam",1989,66550231,6293304974.59403
"899","VN","Vietnam",1990,67988855,6471740805.56984
"900","VN","Vietnam",1991,69436956,9613369520.41885
"901","VN","Vietnam",1992,70883488,9866990236.43587
"902","VN","Vietnam",1993,72300308,13180953598.1716
"903","VN","Vietnam",1994,73651220,16286433533.3228
"904","VN","Vietnam",1995,74910462,20736164458.9505
"905","VN","Vietnam",1996,76068739,24657470574.7501
"906","VN","Vietnam",1997,77133212,26843700441.5482
"907","VN","Vietnam",1998,78115712,27209602050.0452
"908","VN","Vietnam",1999,79035871,28683659006.7752
"909","VN","Vietnam",2000,79910411,31172518403.3162
"910","VN","Vietnam",2001,80742500,32685198735.3053
"911","VN","Vietnam",2002,81534406,35064105500.8344
"912","VN","Vietnam",2003,82301650,39552513316.0734
"913","VN","Vietnam",2004,83062819,45427854693.2554
"914","VN","Vietnam",2005,83832662,57633255618.2731
"915","VN","Vietnam",2006,84617545,66371664817.0436
"916","VN","Vietnam",2007,85419588,77414425532.2452
"917","VN","Vietnam",2008,86243424,99130304099.1274
"918","VN","Vietnam",2009,87092250,106014659770.222
"919","VN","Vietnam",2010,87967655,147198853578.923
"920","VN","Vietnam",2011,88871384,172595960457.831
"921","VN","Vietnam",2012,89801926,195592471672.748
"922","VN","Vietnam",2013,90752593,213710932339.105
"923","VN","Vietnam",2014,91713850,233449971628.523
"924","VN","Vietnam",2015,92677082,239257234710.757
"925","VN","Vietnam",2016,93640435,257095955975.529
"926","VN","Vietnam",2017,94600643,281353402175.236
"927","VN","Vietnam",2018,95545959,308702086757.617
"928","VN","Vietnam",2019,96462108,330391329475.734
"929","VN","Vietnam",2020,97338583,343242570827.351
"930","VN","Vietnam",2021,98168829,362637524070.969
